3805_27350.html,1,1,——,名詞,サ変接続,,,,,——,——,——
3805_27350.html,1,2,沢木,名詞,固有名詞,人名,姓,,,沢木,サワキ,サワキ
3805_27350.html,1,3,梢,名詞,固有名詞,人名,名,,,梢,コズエ,コズエ
3805_27350.html,1,4,氏,名詞,接尾,人名,,,,氏,シ,シ
3805_27350.html,1,5,に,助詞,格助詞,一般,,,,に,ニ,ニ
3805_27350.html,1,6,——,名詞,サ変接続,,,,,——,——,——
3805_27350.html,2,1,おれ,名詞,代名詞,一般,,,,おれ,オレ,オレ
3805_27350.html,2,2,の,助詞,連体化,,,,,の,ノ,ノ
3805_27350.html,2,3,家,名詞,一般,,,,,家,イエ,イエ
3805_27350.html,2,4,の,助詞,連体化,,,,,の,ノ,ノ
3805_27350.html,2,5,二,名詞,数,,,,,二,ニ,ニ
3805_27350.html,2,6,階,名詞,接尾,助数詞,,,,階,カイ,カイ
3805_27350.html,2,7,の,助詞,連体化,,,,,の,ノ,ノ
3805_27350.html,2,8,窓,名詞,一般,,,,,窓,マド,マド
3805_27350.html,2,9,は,助詞,係助詞,,,,,は,ハ,ワ
3805_27350.html,2,10,、,記号,読点,,,,,、,、,、
3805_27350.html,2,11,丁度,副詞,一般,,,,,丁度,チョウド,チョード
3805_27350.html,2,12,向う,名詞,一般,,,,,向う,ムコウ,ムコー
3805_27350.html,2,13,の,助詞,連体化,,,,,の,ノ,ノ
3805_27350.html,2,14,家,名詞,一般,,,,,家,イエ,イエ
3805_27350.html,2,15,の,助詞,連体化,,,,,の,ノ,ノ
3805_27350.html,2,16,二,名詞,数,,,,,二,ニ,ニ
3805_27350.html,2,17,階,名詞,接尾,助数詞,,,,階,カイ,カイ
3805_27350.html,2,18,の,助詞,連体化,,,,,の,ノ,ノ
3805_27350.html,2,19,窓,名詞,一般,,,,,窓,マド,マド
3805_27350.html,2,20,と,助詞,並立助詞,,,,,と,ト,ト
3805_27350.html,2,21,向,接頭詞,名詞接続,,,,,向,コウ,コー
3805_27350.html,2,22,ひ,名詞,一般,,,,,ひ,ヒ,ヒ
3805_27350.html,2,23,合ふ,名詞,一般,,,,,合ふ,アイフ,アイフ
3805_27350.html,2,24,や,助詞,並立助詞,,,,,や,ヤ,ヤ
3805_27350.html,2,25,うに,名詞,一般,,,,,うに,ウニ,ウニ
3805_27350.html,2,26,な,助動詞,,,,特殊・ダ,体言接続,だ,ナ,ナ
3805_27350.html,2,27,つて,名詞,一般,,,,,つて,ツテ,ツテ
3805_27350.html,2,28,ゐる,動詞,自立,,,一段,基本形,ゐる,ヰル,イル
3805_27350.html,2,29,。,記号,句点,,,,,。,。,。
3805_27350.html,3,1,向う,名詞,一般,,,,,向う,ムコウ,ムコー
3805_27350.html,3,2,の,助詞,連体化,,,,,の,ノ,ノ
3805_27350.html,3,3,家,名詞,一般,,,,,家,イエ,イエ
3805_27350.html,3,4,の,助詞,連体化,,,,,の,ノ,ノ
3805_27350.html,3,5,二,名詞,数,,,,,二,ニ,ニ
3805_27350.html,3,6,階,名詞,接尾,助数詞,,,,階,カイ,カイ
3805_27350.html,3,7,の,助詞,連体化,,,,,の,ノ,ノ
3805_27350.html,3,8,窓,名詞,一般,,,,,窓,マド,マド
3805_27350.html,3,9,に,助詞,格助詞,一般,,,,に,ニ,ニ
3805_27350.html,3,10,は,助詞,係助詞,,,,,は,ハ,ワ
3805_27350.html,3,11,、,記号,読点,,,,,、,、,、
3805_27350.html,3,12,百合,名詞,一般,,,,,百合,ユリ,ユリ
3805_27350.html,3,13,や,助詞,並立助詞,,,,,や,ヤ,ヤ
3805_27350.html,3,14,薔薇,名詞,一般,,,,,薔薇,バラ,バラ
3805_27350.html,3,15,の,助詞,連体化,,,,,の,ノ,ノ
3805_27350.html,3,16,鉢植,名詞,一般,,,,,鉢植,ハチウエ,ハチウエ
3805_27350.html,3,17,が,助詞,格助詞,一般,,,,が,ガ,ガ
3805_27350.html,3,18,行儀,名詞,一般,,,,,行儀,ギョウギ,ギョーギ
3805_27350.html,3,19,よく,形容詞,自立,,,形容詞・アウオ段,連用テ接続,よい,ヨク,ヨク
3805_27350.html,3,20,幾つ,名詞,代名詞,一般,,,,幾つ,イクツ,イクツ
3805_27350.html,3,21,も,助詞,係助詞,,,,,も,モ,モ
3805_27350.html,3,22,並ん,動詞,自立,,,五段・バ行,連用タ接続,並ぶ,ナラン,ナラン
3805_27350.html,3,23,で,助詞,接続助詞,,,,,で,デ,デ
3805_27350.html,3,24,ゐる,動詞,自立,,,一段,基本形,ゐる,ヰル,イル
3805_27350.html,3,25,。,記号,句点,,,,,。,。,。
3805_27350.html,4,1,が,接続詞,,,,,,が,ガ,ガ
3805_27350.html,4,2,、,記号,読点,,,,,、,、,、
3805_27350.html,4,3,その後,名詞,副詞可能,,,,,その後,ソノゴ,ソノゴ
3805_27350.html,4,4,に,助詞,格助詞,一般,,,,に,ニ,ニ
3805_27350.html,4,5,は,助詞,係助詞,,,,,は,ハ,ワ
3805_27350.html,4,6,黄いろい,形容詞,自立,,,形容詞・アウオ段,基本形,黄いろい,キイロイ,キイロイ
3805_27350.html,4,7,窓,名詞,一般,,,,,窓,マド,マド
3805_27350.html,4,8,掛,名詞,一般,,,,,掛,カケ,カケ
3805_27350.html,4,9,が,助詞,格助詞,一般,,,,が,ガ,ガ
3805_27350.html,4,10,大抵,名詞,形容動詞語幹,,,,,大抵,タイテイ,タイテイ
3805_27350.html,4,11,重,形容詞,自立,,,形容詞・アウオ段,ガル接続,重い,オモ,オモ
3805_27350.html,4,12,さ,名詞,接尾,特殊,,,,さ,サ,サ
3805_27350.html,4,13,う,助動詞,,,,不変化型,基本形,う,ウ,ウ
3805_27350.html,4,14,に,助詞,格助詞,一般,,,,に,ニ,ニ
3805_27350.html,4,15,下,接頭詞,数接続,,,,,下,シモ,シモ
3805_27350.html,4,16,つて,名詞,一般,,,,,つて,ツテ,ツテ
3805_27350.html,4,17,ゐる,動詞,自立,,,一段,基本形,ゐる,ヰル,イル
3805_27350.html,4,18,から,助詞,接続助詞,,,,,から,カラ,カラ
3805_27350.html,4,19,、,記号,読点,,,,,、,、,、
3805_27350.html,4,20,部屋,名詞,一般,,,,,部屋,ヘヤ,ヘヤ
3805_27350.html,4,21,の,助詞,連体化,,,,,の,ノ,ノ
3805_27350.html,4,22,中,名詞,非自立,副詞可能,,,,中,ナカ,ナカ
3805_27350.html,4,23,の,助詞,連体化,,,,,の,ノ,ノ
3805_27350.html,4,24,主人,名詞,一般,,,,,主人,シュジン,シュジン
3805_27350.html,4,25,の,助詞,連体化,,,,,の,ノ,ノ
3805_27350.html,4,26,姿,名詞,一般,,,,,姿,スガタ,スガタ
3805_27350.html,4,27,は,助詞,係助詞,,,,,は,ハ,ワ
3805_27350.html,4,28,、,記号,読点,,,,,、,、,、
3805_27350.html,4,29,未だ,副詞,一般,,,,,未だ,イマダ,イマダ
3805_27350.html,4,30,一,名詞,数,,,,,一,イチ,イチ
3805_27350.html,4,31,度,名詞,接尾,助数詞,,,,度,ド,ド
3805_27350.html,4,32,も,助詞,係助詞,,,,,も,モ,モ
3805_27350.html,4,33,見,動詞,自立,,,一段,連用形,見る,ミ,ミ
3805_27350.html,4,34,た,助動詞,,,,特殊・タ,基本形,た,タ,タ
3805_27350.html,4,35,事,名詞,非自立,一般,,,,事,コト,コト
3805_27350.html,4,36,が,助詞,格助詞,一般,,,,が,ガ,ガ
3805_27350.html,4,37,ない,形容詞,自立,,,形容詞・アウオ段,基本形,ない,ナイ,ナイ
3805_27350.html,4,38,。,記号,句点,,,,,。,。,。
3805_27350.html,5,1,おれ,名詞,代名詞,一般,,,,おれ,オレ,オレ
3805_27350.html,5,2,の,助詞,連体化,,,,,の,ノ,ノ
3805_27350.html,5,3,家,名詞,一般,,,,,家,イエ,イエ
3805_27350.html,5,4,の,助詞,連体化,,,,,の,ノ,ノ
3805_27350.html,5,5,二,名詞,数,,,,,二,ニ,ニ
3805_27350.html,5,6,階,名詞,接尾,助数詞,,,,階,カイ,カイ
3805_27350.html,5,7,の,助詞,連体化,,,,,の,ノ,ノ
3805_27350.html,5,8,窓際,名詞,一般,,,,,窓際,マドギワ,マドギワ
3805_27350.html,5,9,に,助詞,格助詞,一般,,,,に,ニ,ニ
3805_27350.html,5,10,は,助詞,係助詞,,,,,は,ハ,ワ
3805_27350.html,5,11,、,記号,読点,,,,,、,、,、
3805_27350.html,5,12,古ぼけ,動詞,自立,,,一段,連用形,古ぼける,フルボケ,フルボケ
3805_27350.html,5,13,た,助動詞,,,,特殊・タ,基本形,た,タ,タ
3805_27350.html,5,14,肱,名詞,一般,,,,,肱,ヒジ,ヒジ
3805_27350.html,5,15,掛,名詞,一般,,,,,掛,カケ,カケ
3805_27350.html,5,16,椅子,名詞,一般,,,,,椅子,イス,イス
3805_27350.html,5,17,が,助詞,格助詞,一般,,,,が,ガ,ガ
3805_27350.html,5,18,置い,動詞,自立,,,五段・カ行イ音便,連用タ接続,置く,オイ,オイ
3805_27350.html,5,19,て,助詞,接続助詞,,,,,て,テ,テ
3805_27350.html,5,20,ある,動詞,非自立,,,五段・ラ行,基本形,ある,アル,アル
3805_27350.html,5,21,。,記号,句点,,,,,。,。,。
3805_27350.html,6,1,おれ,名詞,代名詞,一般,,,,おれ,オレ,オレ
3805_27350.html,6,2,は,助詞,係助詞,,,,,は,ハ,ワ
3805_27350.html,6,3,毎日,名詞,副詞可能,,,,,毎日,マイニチ,マイニチ
3805_27350.html,6,4,その,連体詞,,,,,,その,ソノ,ソノ
3805_27350.html,6,5,肱,名詞,一般,,,,,肱,ヒジ,ヒジ
3805_27350.html,6,6,掛,名詞,一般,,,,,掛,カケ,カケ
3805_27350.html,6,7,椅子,名詞,一般,,,,,椅子,イス,イス
3805_27350.html,6,8,へ,助詞,格助詞,一般,,,,へ,ヘ,エ
3805_27350.html,6,9,腰,名詞,一般,,,,,腰,コシ,コシ
3805_27350.html,6,10,を,助詞,格助詞,一般,,,,を,ヲ,ヲ
3805_27350.html,6,11,下し,動詞,自立,,,五段・サ行,連用形,下す,クダシ,クダシ
3805_27350.html,6,12,て,助詞,接続助詞,,,,,て,テ,テ
3805_27350.html,6,13,、,記号,読点,,,,,、,、,、
3805_27350.html,6,14,ぼんやり,副詞,一般,,,,,ぼんやり,ボンヤリ,ボンヤリ
3805_27350.html,6,15,往来,名詞,サ変接続,,,,,往来,オウライ,オーライ
3805_27350.html,6,16,の,助詞,連体化,,,,,の,ノ,ノ
3805_27350.html,6,17,人,名詞,一般,,,,,人,ヒト,ヒト
3805_27350.html,6,18,音,名詞,接尾,一般,,,,音,オン,オン
3805_27350.html,6,19,を,助詞,格助詞,一般,,,,を,ヲ,ヲ
3805_27350.html,6,20,聞い,動詞,自立,,,五段・カ行イ音便,連用タ接続,聞く,キイ,キイ
3805_27350.html,6,21,て,助詞,接続助詞,,,,,て,テ,テ
3805_27350.html,6,22,ゐる,動詞,自立,,,一段,基本形,ゐる,ヰル,イル
3805_27350.html,6,23,。,記号,句点,,,,,。,。,。
3805_27350.html,7,1,いつ,名詞,代名詞,一般,,,,いつ,イツ,イツ
3805_27350.html,7,2,何,名詞,数,,,,,何,ナン,ナン
3805_27350.html,7,3,時,名詞,接尾,助数詞,,,,時,ジ,ジ
3805_27350.html,7,4,おれ,名詞,代名詞,一般,,,,おれ,オレ,オレ
3805_27350.html,7,5,の,助詞,連体化,,,,,の,ノ,ノ
3805_27350.html,7,6,所,名詞,非自立,副詞可能,,,,所,トコロ,トコロ
3805_27350.html,7,7,へ,助詞,格助詞,一般,,,,へ,ヘ,エ
3805_27350.html,7,8,も,助詞,係助詞,,,,,も,モ,モ
3805_27350.html,7,9,、,記号,読点,,,,,、,、,、
3805_27350.html,7,10,客,名詞,一般,,,,,客,キャク,キャク
3805_27350.html,7,11,が,助詞,格助詞,一般,,,,が,ガ,ガ
3805_27350.html,7,12,来,動詞,自立,,,カ変・来ル,未然形,来る,コ,コ
3805_27350.html,7,13,ない,助動詞,,,,特殊・ナイ,基本形,ない,ナイ,ナイ
3805_27350.html,7,14,もの,名詞,非自立,一般,,,,もの,モノ,モノ
3805_27350.html,7,15,で,助動詞,,,,特殊・ダ,連用形,だ,デ,デ
3805_27350.html,7,16,も,助詞,係助詞,,,,,も,モ,モ
3805_27350.html,7,17,ない,形容詞,自立,,,形容詞・アウオ段,基本形,ない,ナイ,ナイ
3805_27350.html,7,18,。,記号,句点,,,,,。,。,。
3805_27350.html,8,1,おれ,名詞,代名詞,一般,,,,おれ,オレ,オレ
3805_27350.html,8,2,の,助詞,連体化,,,,,の,ノ,ノ
3805_27350.html,8,3,家,名詞,一般,,,,,家,イエ,イエ
3805_27350.html,8,4,の,助詞,連体化,,,,,の,ノ,ノ
3805_27350.html,8,5,玄関,名詞,一般,,,,,玄関,ゲンカン,ゲンカン
3805_27350.html,8,6,に,助詞,格助詞,一般,,,,に,ニ,ニ
3805_27350.html,8,7,は,助詞,係助詞,,,,,は,ハ,ワ
3805_27350.html,8,8,、,記号,読点,,,,,、,、,、
3805_27350.html,8,9,ち,名詞,一般,,,,,ち,チ,チ
3805_27350.html,8,10,やん,助動詞,,,,不変化型,基本形,やん,ヤン,ヤン
3805_27350.html,8,11,と,助詞,格助詞,引用,,,,と,ト,ト
3805_27350.html,8,12,電鈴,名詞,一般,,,,,電鈴,デンレイ,デンレイ
3805_27350.html,8,13,が,助詞,格助詞,一般,,,,が,ガ,ガ
3805_27350.html,8,14,とりつけ,動詞,自立,,,一段,連用形,とりつける,トリツケ,トリツケ
3805_27350.html,8,15,て,助詞,接続助詞,,,,,て,テ,テ
3805_27350.html,8,16,ある,動詞,非自立,,,五段・ラ行,基本形,ある,アル,アル
3805_27350.html,8,17,。,記号,句点,,,,,。,。,。
3805_27350.html,9,1,今にも,副詞,一般,,,,,今にも,イマニモ,イマニモ
3805_27350.html,9,2,あの,連体詞,,,,,,あの,アノ,アノ
3805_27350.html,9,3,電鈴,名詞,一般,,,,,電鈴,デンレイ,デンレイ
3805_27350.html,9,4,の,助詞,連体化,,,,,の,ノ,ノ
3805_27350.html,9,5,愉快,名詞,形容動詞語幹,,,,,愉快,ユカイ,ユカイ
3805_27350.html,9,6,な,助動詞,,,,特殊・ダ,体言接続,だ,ナ,ナ
3805_27350.html,9,7,音,名詞,一般,,,,,音,オト,オト
3805_27350.html,9,8,が,助詞,格助詞,一般,,,,が,ガ,ガ
3805_27350.html,9,9,、,記号,読点,,,,,、,、,、
3805_27350.html,9,10,勢,副詞,一般,,,,,勢,イキオイ,イキオイ
3805_27350.html,9,11,よく,副詞,一般,,,,,よく,ヨク,ヨク
3805_27350.html,9,12,家中,名詞,副詞可能,,,,,家中,イエジュウ,イエジュー
3805_27350.html,9,13,に,助詞,格助詞,一般,,,,に,ニ,ニ
3805_27350.html,9,14,鳴り渡,動詞,自立,,,五段・ラ行,体言接続特殊２,鳴り渡る,ナリワタ,ナリワタ
3805_27350.html,9,15,つ,助動詞,,,,下二・タ行,基本形,つ,ツ,ツ
3805_27350.html,9,16,たら,助動詞,,,,特殊・タ,仮定形,た,タラ,タラ
3805_27350.html,9,17,、,記号,読点,,,,,、,、,、
3805_27350.html,9,18,おれ,名詞,代名詞,一般,,,,おれ,オレ,オレ
3805_27350.html,9,19,は,助詞,係助詞,,,,,は,ハ,ワ
3805_27350.html,9,20,この,連体詞,,,,,,この,コノ,コノ
3805_27350.html,9,21,肱,名詞,一般,,,,,肱,ヒジ,ヒジ
3805_27350.html,9,22,掛,名詞,一般,,,,,掛,カケ,カケ
3805_27350.html,9,23,椅子,名詞,一般,,,,,椅子,イス,イス
3805_27350.html,9,24,から,助詞,格助詞,一般,,,,から,カラ,カラ
3805_27350.html,9,25,立上,動詞,自立,,,五段・ラ行,体言接続特殊２,立上る,タチノボ,タチノボ
3805_27350.html,9,26,つ,助動詞,,,,下二・タ行,基本形,つ,ツ,ツ
3805_27350.html,9,27,て,助詞,接続助詞,,,,,て,テ,テ
3805_27350.html,9,28,、,記号,読点,,,,,、,、,、
3805_27350.html,9,29,早速,副詞,助詞類接続,,,,,早速,サッソク,サッソク
3805_27350.html,9,30,遠来,名詞,一般,,,,,遠来,エンライ,エンライ
3805_27350.html,9,31,の,助詞,連体化,,,,,の,ノ,ノ
3805_27350.html,9,32,珍客,名詞,一般,,,,,珍客,チンキャク,チンキャク
3805_27350.html,9,33,を,助詞,格助詞,一般,,,,を,ヲ,ヲ
3805_27350.html,9,34,迎,動詞,自立,,,一段,連用形,迎る,ムカエ,ムカエ
3805_27350.html,9,35,へる,動詞,自立,,,五段・ラ行,基本形,へる,ヘル,ヘル
3805_27350.html,9,36,為,名詞,非自立,副詞可能,,,,為,タメ,タメ
3805_27350.html,9,37,に,助詞,格助詞,一般,,,,に,ニ,ニ
3805_27350.html,9,38,、,記号,読点,,,,,、,、,、
3805_27350.html,9,39,両,接頭詞,名詞接続,,,,,両,リョウ,リョー
3805_27350.html,9,40,腕,名詞,一般,,,,,腕,ウデ,ウデ
3805_27350.html,9,41,を,助詞,格助詞,一般,,,,を,ヲ,ヲ
3805_27350.html,9,42,大きく,形容詞,自立,,,形容詞・イ段,連用テ接続,大きい,オオキク,オーキク
3805_27350.html,9,43,ひろげ,動詞,自立,,,一段,連用形,ひろげる,ヒロゲ,ヒロゲ
3805_27350.html,9,44,た,助動詞,,,,特殊・タ,基本形,た,タ,タ
3805_27350.html,9,45,儘,名詞,一般,,,,,儘,儘,儘
3805_27350.html,9,46,、,記号,読点,,,,,、,、,、
3805_27350.html,9,47,戸口,名詞,一般,,,,,戸口,トグチ,トグチ
3805_27350.html,9,48,の,助詞,連体化,,,,,の,ノ,ノ
3805_27350.html,9,49,方,名詞,非自立,一般,,,,方,ホウ,ホー
3805_27350.html,9,50,へ,助詞,格助詞,一般,,,,へ,ヘ,エ
3805_27350.html,9,51,歩い,動詞,自立,,,五段・カ行イ音便,連用タ接続,歩く,アルイ,アルイ
3805_27350.html,9,52,て,助詞,接続助詞,,,,,て,テ,テ
3805_27350.html,9,53,行か,動詞,非自立,,,五段・カ行促音便,未然形,行く,イカ,イカ
3805_27350.html,9,54,う,助動詞,,,,不変化型,基本形,う,ウ,ウ
3805_27350.html,9,55,。,記号,句点,,,,,。,。,。
3805_27350.html,10,1,おれ,名詞,代名詞,一般,,,,おれ,オレ,オレ
3805_27350.html,10,2,は,助詞,係助詞,,,,,は,ハ,ワ
3805_27350.html,10,3,時々,副詞,一般,,,,,時々,トキドキ,トキドキ
3805_27350.html,10,4,こんな,名詞,形容動詞語幹,,,,,こんな,コンナ,コンナ
3805_27350.html,10,5,空想,名詞,サ変接続,,,,,空想,クウソウ,クーソー
3805_27350.html,10,6,を,助詞,格助詞,一般,,,,を,ヲ,ヲ
3805_27350.html,10,7,浮べ,動詞,自立,,,一段,連用形,浮べる,ウカベ,ウカベ
3805_27350.html,10,8,ながら,助詞,接続助詞,,,,,ながら,ナガラ,ナガラ
3805_27350.html,10,9,、,記号,読点,,,,,、,、,、
3805_27350.html,10,10,ぼんやり,副詞,一般,,,,,ぼんやり,ボンヤリ,ボンヤリ
3805_27350.html,10,11,往来,名詞,サ変接続,,,,,往来,オウライ,オーライ
3805_27350.html,10,12,の,助詞,連体化,,,,,の,ノ,ノ
3805_27350.html,10,13,人,名詞,一般,,,,,人,ヒト,ヒト
3805_27350.html,10,14,音,名詞,接尾,一般,,,,音,オン,オン
3805_27350.html,10,15,を,助詞,格助詞,一般,,,,を,ヲ,ヲ
3805_27350.html,10,16,聞い,動詞,自立,,,五段・カ行イ音便,連用タ接続,聞く,キイ,キイ
3805_27350.html,10,17,て,助詞,接続助詞,,,,,て,テ,テ
3805_27350.html,10,18,ゐる,動詞,自立,,,一段,基本形,ゐる,ヰル,イル
3805_27350.html,10,19,。,記号,句点,,,,,。,。,。
3805_27350.html,11,1,が,接続詞,,,,,,が,ガ,ガ
3805_27350.html,11,2,、,記号,読点,,,,,、,、,、
3805_27350.html,11,3,いつ,名詞,代名詞,一般,,,,いつ,イツ,イツ
3805_27350.html,11,4,まで,助詞,副助詞,,,,,まで,マデ,マデ
3805_27350.html,11,5,たつ,動詞,自立,,,五段・タ行,基本形,たつ,タツ,タツ
3805_27350.html,11,6,て,助詞,接続助詞,,,,,て,テ,テ
3805_27350.html,11,7,も,助詞,係助詞,,,,,も,モ,モ
3805_27350.html,11,8,、,記号,読点,,,,,、,、,、
3805_27350.html,11,9,おれ,名詞,代名詞,一般,,,,おれ,オレ,オレ
3805_27350.html,11,10,の,助詞,連体化,,,,,の,ノ,ノ
3805_27350.html,11,11,所,名詞,非自立,副詞可能,,,,所,トコロ,トコロ
3805_27350.html,11,12,へ,助詞,格助詞,一般,,,,へ,ヘ,エ
3805_27350.html,11,13,は,助詞,係助詞,,,,,は,ハ,ワ
3805_27350.html,11,14,訪問,名詞,サ変接続,,,,,訪問,ホウモン,ホーモン
3805_27350.html,11,15,に,助詞,格助詞,一般,,,,に,ニ,ニ
3805_27350.html,11,16,来る,動詞,自立,,,カ変・来ル,基本形,来る,クル,クル
3805_27350.html,11,17,客,名詞,一般,,,,,客,キャク,キャク
3805_27350.html,11,18,が,助詞,格助詞,一般,,,,が,ガ,ガ
3805_27350.html,11,19,ない,形容詞,自立,,,形容詞・アウオ段,基本形,ない,ナイ,ナイ
3805_27350.html,11,20,。,記号,句点,,,,,。,。,。
3805_27350.html,12,1,おれ,名詞,代名詞,一般,,,,おれ,オレ,オレ
3805_27350.html,12,2,の,助詞,連体化,,,,,の,ノ,ノ
3805_27350.html,12,3,部屋,名詞,一般,,,,,部屋,ヘヤ,ヘヤ
3805_27350.html,12,4,の,助詞,連体化,,,,,の,ノ,ノ
3805_27350.html,12,5,中,名詞,非自立,副詞可能,,,,中,ナカ,ナカ
3805_27350.html,12,6,に,助詞,格助詞,一般,,,,に,ニ,ニ
3805_27350.html,12,7,は,助詞,係助詞,,,,,は,ハ,ワ
3805_27350.html,12,8,鏡,名詞,一般,,,,,鏡,カガミ,カガミ
3805_27350.html,12,9,に,助詞,格助詞,一般,,,,に,ニ,ニ
3805_27350.html,12,10,うつる,動詞,自立,,,五段・ラ行,基本形,うつる,ウツル,ウツル
3805_27350.html,12,11,おれ,名詞,代名詞,一般,,,,おれ,オレ,オレ
3805_27350.html,12,12,自身,名詞,一般,,,,,自身,ジシン,ジシン
3805_27350.html,12,13,ばかり,助詞,副助詞,,,,,ばかり,バカリ,バカリ
3805_27350.html,12,14,が,助詞,格助詞,一般,,,,が,ガ,ガ
3805_27350.html,12,15,、,記号,読点,,,,,、,、,、
3805_27350.html,12,16,いつも,副詞,一般,,,,,いつも,イツモ,イツモ
3805_27350.html,12,17,おれ,名詞,代名詞,一般,,,,おれ,オレ,オレ
3805_27350.html,12,18,の,助詞,連体化,,,,,の,ノ,ノ
3805_27350.html,12,19,相手,名詞,一般,,,,,相手,アイテ,アイテ
3805_27350.html,12,20,を,助詞,格助詞,一般,,,,を,ヲ,ヲ
3805_27350.html,12,21,勤め,動詞,自立,,,一段,連用形,勤める,ツトメ,ツトメ
3805_27350.html,12,22,て,助詞,接続助詞,,,,,て,テ,テ
3805_27350.html,12,23,ゐる,動詞,自立,,,一段,基本形,ゐる,ヰル,イル
3805_27350.html,12,24,。,記号,句点,,,,,。,。,。
3805_27350.html,13,1,それ,名詞,代名詞,一般,,,,それ,ソレ,ソレ
3805_27350.html,13,2,が,助詞,格助詞,一般,,,,が,ガ,ガ
3805_27350.html,13,3,長い,形容詞,自立,,,形容詞・アウオ段,基本形,長い,ナガイ,ナガイ
3805_27350.html,13,4,長い,形容詞,自立,,,形容詞・アウオ段,基本形,長い,ナガイ,ナガイ
3805_27350.html,13,5,間,名詞,一般,,,,,間,マ,マ
3805_27350.html,13,6,の,助詞,連体化,,,,,の,ノ,ノ
3805_27350.html,13,7,事,名詞,非自立,一般,,,,事,コト,コト
3805_27350.html,13,8,で,助動詞,,,,特殊・ダ,連用形,だ,デ,デ
3805_27350.html,13,9,あつ,形容詞,自立,,,形容詞・アウオ段,ガル接続,あつい,アツ,アツ
3805_27350.html,13,10,た,助動詞,,,,特殊・タ,基本形,た,タ,タ
3805_27350.html,13,11,。,記号,句点,,,,,。,。,。
3805_27350.html,14,1,その,連体詞,,,,,,その,ソノ,ソノ
3805_27350.html,14,2,内,名詞,非自立,副詞可能,,,,内,ウチ,ウチ
3805_27350.html,14,3,に,助詞,格助詞,一般,,,,に,ニ,ニ
3805_27350.html,14,4,或,連体詞,,,,,,或,アル,アル
3805_27350.html,14,5,夕方,名詞,副詞可能,,,,,夕方,ユウガタ,ユーガタ
3805_27350.html,14,6,、,記号,読点,,,,,、,、,、
3805_27350.html,14,7,ふと,副詞,一般,,,,,ふと,フト,フト
3805_27350.html,14,8,おれ,名詞,代名詞,一般,,,,おれ,オレ,オレ
3805_27350.html,14,9,が,助詞,格助詞,一般,,,,が,ガ,ガ
3805_27350.html,14,10,向う,名詞,一般,,,,,向う,ムコウ,ムコー
3805_27350.html,14,11,の,助詞,連体化,,,,,の,ノ,ノ
3805_27350.html,14,12,二,名詞,数,,,,,二,ニ,ニ
3805_27350.html,14,13,階,名詞,接尾,助数詞,,,,階,カイ,カイ
3805_27350.html,14,14,の,助詞,連体化,,,,,の,ノ,ノ
3805_27350.html,14,15,窓,名詞,一般,,,,,窓,マド,マド
3805_27350.html,14,16,を,助詞,格助詞,一般,,,,を,ヲ,ヲ
3805_27350.html,14,17,見る,動詞,自立,,,一段,基本形,見る,ミル,ミル
3805_27350.html,14,18,と,助詞,接続助詞,,,,,と,ト,ト
3805_27350.html,14,19,、,記号,読点,,,,,、,、,、
3805_27350.html,14,20,黄いろい,形容詞,自立,,,形容詞・アウオ段,基本形,黄いろい,キイロイ,キイロイ
3805_27350.html,14,21,窓,名詞,一般,,,,,窓,マド,マド
3805_27350.html,14,22,掛,名詞,一般,,,,,掛,カケ,カケ
3805_27350.html,14,23,を,助詞,格助詞,一般,,,,を,ヲ,ヲ
3805_27350.html,14,24,後,名詞,副詞可能,,,,,後,アト,アト
3805_27350.html,14,25,に,助詞,格助詞,一般,,,,に,ニ,ニ
3805_27350.html,14,26,し,動詞,自立,,,サ変・スル,連用形,する,シ,シ
3805_27350.html,14,27,て,助詞,接続助詞,,,,,て,テ,テ
3805_27350.html,14,28,、,記号,読点,,,,,、,、,、
3805_27350.html,14,29,私,名詞,代名詞,一般,,,,私,ワタシ,ワタシ
3805_27350.html,14,30,窩子,名詞,一般,,,,,窩子,窩子,窩子
3805_27350.html,14,31,の,助詞,連体化,,,,,の,ノ,ノ
3805_27350.html,14,32,やう,名詞,非自立,助動詞語幹,,,,やう,ヤウ,ヨー
3805_27350.html,14,33,な,助動詞,,,,特殊・ダ,体言接続,だ,ナ,ナ
3805_27350.html,14,34,女,名詞,一般,,,,,女,オンナ,オンナ
3805_27350.html,14,35,が,助詞,格助詞,一般,,,,が,ガ,ガ
3805_27350.html,14,36,立つ,動詞,自立,,,五段・タ行,基本形,立つ,タツ,タツ
3805_27350.html,14,37,て,助詞,接続助詞,,,,,て,テ,テ
3805_27350.html,14,38,ゐる,動詞,自立,,,一段,基本形,ゐる,ヰル,イル
3805_27350.html,14,39,。,記号,句点,,,,,。,。,。
3805_27350.html,15,1,どうも,副詞,一般,,,,,どうも,ドウモ,ドーモ
3805_27350.html,15,2,見,動詞,自立,,,一段,連用形,見る,ミ,ミ
3805_27350.html,15,3,た,助動詞,,,,特殊・タ,基本形,た,タ,タ
3805_27350.html,15,4,所,名詞,非自立,副詞可能,,,,所,トコロ,トコロ
3805_27350.html,15,5,で,助詞,格助詞,一般,,,,で,デ,デ
3805_27350.html,15,6,は,助詞,係助詞,,,,,は,ハ,ワ
3805_27350.html,15,7,混血,名詞,サ変接続,,,,,混血,コンケツ,コンケツ
3805_27350.html,15,8,児,名詞,接尾,一般,,,,児,ジ,ジ
3805_27350.html,15,9,か,助詞,副助詞／並立助詞／終助詞,,,,,か,カ,カ
3805_27350.html,15,10,何,名詞,代名詞,一般,,,,何,ナニ,ナニ
3805_27350.html,15,11,か,助詞,副助詞／並立助詞／終助詞,,,,,か,カ,カ
3805_27350.html,15,12,らしい,助動詞,,,,形容詞・イ段,基本形,らしい,ラシイ,ラシイ
3805_27350.html,15,13,。,記号,句点,,,,,。,。,。
3805_27350.html,16,1,頬紅,名詞,一般,,,,,頬紅,ホオベニ,ホーベニ
3805_27350.html,16,2,を,助詞,格助詞,一般,,,,を,ヲ,ヲ
3805_27350.html,16,3,さして,副詞,一般,,,,,さして,サシテ,サシテ
3805_27350.html,16,4,、,記号,読点,,,,,、,、,、
3805_27350.html,16,5,目,名詞,一般,,,,,目,メ,メ
3805_27350.html,16,6,ぶち,接頭詞,動詞接続,,,,,ぶち,ブチ,ブチ
3805_27350.html,16,7,を,助詞,格助詞,一般,,,,を,ヲ,ヲ
3805_27350.html,16,8,黒く,形容詞,自立,,,形容詞・アウオ段,連用テ接続,黒い,クロク,クロク
3805_27350.html,16,9,ぬ,助動詞,,,,特殊・ヌ,基本形,ぬ,ヌ,ヌ
3805_27350.html,16,10,つて,名詞,一般,,,,,つて,ツテ,ツテ
3805_27350.html,16,11,、,記号,読点,,,,,、,、,、
3805_27350.html,16,12,絹,名詞,一般,,,,,絹,キヌ,キヌ
3805_27350.html,16,13,の,助詞,連体化,,,,,の,ノ,ノ
3805_27350.html,16,14,キモノ,名詞,一般,,,,,キモノ,キモノ,キモノ
3805_27350.html,16,15,を,助詞,格助詞,一般,,,,を,ヲ,ヲ
3805_27350.html,16,16,ひ,動詞,自立,,,一段,連用形,ひる,ヒ,ヒ
3805_27350.html,16,17,つ,助動詞,,,,下二・タ行,基本形,つ,ツ,ツ
3805_27350.html,16,18,かけ,動詞,自立,,,一段,連用形,かける,カケ,カケ
3805_27350.html,16,19,て,助詞,接続助詞,,,,,て,テ,テ
3805_27350.html,16,20,、,記号,読点,,,,,、,、,、
3805_27350.html,16,21,細い,形容詞,自立,,,形容詞・アウオ段,基本形,細い,ホソイ,ホソイ
3805_27350.html,16,22,金,名詞,一般,,,,,金,キン,キン
3805_27350.html,16,23,の,助詞,連体化,,,,,の,ノ,ノ
3805_27350.html,16,24,耳環,名詞,一般,,,,,耳環,ミミワ,ミミワ
3805_27350.html,16,25,を,助詞,格助詞,一般,,,,を,ヲ,ヲ
3805_27350.html,16,26,ぶら下げ,動詞,自立,,,一段,連用形,ぶら下げる,ブラサゲ,ブラサゲ
3805_27350.html,16,27,て,助詞,接続助詞,,,,,て,テ,テ
3805_27350.html,16,28,ゐる,動詞,自立,,,一段,基本形,ゐる,ヰル,イル
3805_27350.html,16,29,。,記号,句点,,,,,。,。,。
3805_27350.html,17,1,それ,名詞,代名詞,一般,,,,それ,ソレ,ソレ
3805_27350.html,17,2,が,助詞,格助詞,一般,,,,が,ガ,ガ
3805_27350.html,17,3,おれ,名詞,代名詞,一般,,,,おれ,オレ,オレ
3805_27350.html,17,4,の,助詞,連体化,,,,,の,ノ,ノ
3805_27350.html,17,5,顔,名詞,一般,,,,,顔,カオ,カオ
3805_27350.html,17,6,を,助詞,格助詞,一般,,,,を,ヲ,ヲ
3805_27350.html,17,7,見る,動詞,自立,,,一段,基本形,見る,ミル,ミル
3805_27350.html,17,8,と,助詞,接続助詞,,,,,と,ト,ト
3805_27350.html,17,9,、,記号,読点,,,,,、,、,、
3805_27350.html,17,10,媚,名詞,一般,,,,,媚,コビ,コビ
3805_27350.html,17,11,の,助詞,格助詞,一般,,,,の,ノ,ノ
3805_27350.html,17,12,多い,形容詞,自立,,,形容詞・アウオ段,基本形,多い,オオイ,オーイ
3805_27350.html,17,13,眼,名詞,一般,,,,,眼,メ,メ
3805_27350.html,17,14,を,助詞,格助詞,一般,,,,を,ヲ,ヲ
3805_27350.html,17,15,挙げ,動詞,自立,,,一段,連用形,挙げる,アゲ,アゲ
3805_27350.html,17,16,て,助詞,接続助詞,,,,,て,テ,テ
3805_27350.html,17,17,、,記号,読点,,,,,、,、,、
3805_27350.html,17,18,慇懃,名詞,形容動詞語幹,,,,,慇懃,インギン,インギン
3805_27350.html,17,19,に,助詞,副詞化,,,,,に,ニ,ニ
3805_27350.html,17,20,おれ,名詞,代名詞,一般,,,,おれ,オレ,オレ
3805_27350.html,17,21,へ,助詞,格助詞,一般,,,,へ,ヘ,エ
3805_27350.html,17,22,会釈,名詞,サ変接続,,,,,会釈,エシャク,エシャク
3805_27350.html,17,23,を,助詞,格助詞,一般,,,,を,ヲ,ヲ
3805_27350.html,17,24,し,動詞,自立,,,サ変・スル,連用形,する,シ,シ
3805_27350.html,17,25,た,助動詞,,,,特殊・タ,基本形,た,タ,タ
3805_27350.html,17,26,。,記号,句点,,,,,。,。,。
3805_27350.html,18,1,おれ,名詞,代名詞,一般,,,,おれ,オレ,オレ
3805_27350.html,18,2,は,助詞,係助詞,,,,,は,ハ,ワ
3805_27350.html,18,3,何,名詞,数,,,,,何,ナン,ナン
3805_27350.html,18,4,年,名詞,接尾,助数詞,,,,年,ネン,ネン
3805_27350.html,18,5,に,助詞,格助詞,一般,,,,に,ニ,ニ
3805_27350.html,18,6,も,助詞,係助詞,,,,,も,モ,モ
3805_27350.html,18,7,人,名詞,一般,,,,,人,ヒト,ヒト
3805_27350.html,18,8,に,助詞,格助詞,一般,,,,に,ニ,ニ
3805_27350.html,18,9,会,名詞,一般,,,,,会,カイ,カイ
3805_27350.html,18,10,つ,助動詞,,,,下二・タ行,基本形,つ,ツ,ツ
3805_27350.html,18,11,た,助動詞,,,,特殊・タ,基本形,た,タ,タ
3805_27350.html,18,12,事,名詞,非自立,一般,,,,事,コト,コト
3805_27350.html,18,13,が,助詞,格助詞,一般,,,,が,ガ,ガ
3805_27350.html,18,14,ない,形容詞,自立,,,形容詞・アウオ段,基本形,ない,ナイ,ナイ
3805_27350.html,18,15,。,記号,句点,,,,,。,。,。
3805_27350.html,19,1,おれ,名詞,代名詞,一般,,,,おれ,オレ,オレ
3805_27350.html,19,2,の,助詞,連体化,,,,,の,ノ,ノ
3805_27350.html,19,3,部屋,名詞,一般,,,,,部屋,ヘヤ,ヘヤ
3805_27350.html,19,4,の,助詞,連体化,,,,,の,ノ,ノ
3805_27350.html,19,5,中,名詞,非自立,副詞可能,,,,中,ナカ,ナカ
3805_27350.html,19,6,に,助詞,格助詞,一般,,,,に,ニ,ニ
3805_27350.html,19,7,は,助詞,係助詞,,,,,は,ハ,ワ
3805_27350.html,19,8,、,記号,読点,,,,,、,、,、
3805_27350.html,19,9,鏡,名詞,一般,,,,,鏡,カガミ,カガミ
3805_27350.html,19,10,に,助詞,格助詞,一般,,,,に,ニ,ニ
3805_27350.html,19,11,うつる,動詞,自立,,,五段・ラ行,基本形,うつる,ウツル,ウツル
3805_27350.html,19,12,おれ,名詞,代名詞,一般,,,,おれ,オレ,オレ
3805_27350.html,19,13,自身,名詞,一般,,,,,自身,ジシン,ジシン
3805_27350.html,19,14,ばかり,助詞,副助詞,,,,,ばかり,バカリ,バカリ
3805_27350.html,19,15,が,助詞,格助詞,一般,,,,が,ガ,ガ
3805_27350.html,19,16,、,記号,読点,,,,,、,、,、
3805_27350.html,19,17,いつも,副詞,一般,,,,,いつも,イツモ,イツモ
3805_27350.html,19,18,おれ,名詞,代名詞,一般,,,,おれ,オレ,オレ
3805_27350.html,19,19,の,助詞,連体化,,,,,の,ノ,ノ
3805_27350.html,19,20,相手,名詞,一般,,,,,相手,アイテ,アイテ
3805_27350.html,19,21,を,助詞,格助詞,一般,,,,を,ヲ,ヲ
3805_27350.html,19,22,勤め,動詞,自立,,,一段,連用形,勤める,ツトメ,ツトメ
3805_27350.html,19,23,て,助詞,接続助詞,,,,,て,テ,テ
3805_27350.html,19,24,ゐる,動詞,自立,,,一段,基本形,ゐる,ヰル,イル
3805_27350.html,19,25,。,記号,句点,,,,,。,。,。
3805_27350.html,20,1,だから,接続詞,,,,,,だから,ダカラ,ダカラ
3805_27350.html,20,2,この,連体詞,,,,,,この,コノ,コノ
3805_27350.html,20,3,私,名詞,代名詞,一般,,,,私,ワタシ,ワタシ
3805_27350.html,20,4,窩子,名詞,一般,,,,,窩子,窩子,窩子
3805_27350.html,20,5,の,助詞,連体化,,,,,の,ノ,ノ
3805_27350.html,20,6,やう,名詞,非自立,助動詞語幹,,,,やう,ヤウ,ヨー
3805_27350.html,20,7,な,助動詞,,,,特殊・ダ,体言接続,だ,ナ,ナ
3805_27350.html,20,8,女,名詞,一般,,,,,女,オンナ,オンナ
3805_27350.html,20,9,が,助詞,格助詞,一般,,,,が,ガ,ガ
3805_27350.html,20,10,会釈,名詞,サ変接続,,,,,会釈,エシャク,エシャク
3805_27350.html,20,11,を,助詞,格助詞,一般,,,,を,ヲ,ヲ
3805_27350.html,20,12,し,動詞,自立,,,サ変・スル,連用形,する,シ,シ
3805_27350.html,20,13,た,助動詞,,,,特殊・タ,基本形,た,タ,タ
3805_27350.html,20,14,時,名詞,非自立,副詞可能,,,,時,トキ,トキ
3805_27350.html,20,15,、,記号,読点,,,,,、,、,、
3805_27350.html,20,16,おれ,名詞,代名詞,一般,,,,おれ,オレ,オレ
3805_27350.html,20,17,は,助詞,係助詞,,,,,は,ハ,ワ
3805_27350.html,20,18,相手,名詞,一般,,,,,相手,アイテ,アイテ
3805_27350.html,20,19,を,助詞,格助詞,一般,,,,を,ヲ,ヲ
3805_27350.html,20,20,卑し,形容詞,自立,,,形容詞・イ段,ガル接続,卑しい,イヤシ,イヤシ
3805_27350.html,20,21,むより,名詞,一般,,,,,むより,むより,むより
3805_27350.html,20,22,先,名詞,接尾,一般,,,,先,サキ,サキ
3805_27350.html,20,23,に,助詞,格助詞,一般,,,,に,ニ,ニ
3805_27350.html,20,24,、,記号,読点,,,,,、,、,、
3805_27350.html,20,25,こちら,名詞,代名詞,一般,,,,こちら,コチラ,コチラ
3805_27350.html,20,26,も,助詞,係助詞,,,,,も,モ,モ
3805_27350.html,20,27,眼,名詞,一般,,,,,眼,メ,メ
3805_27350.html,20,28,で,助詞,格助詞,一般,,,,で,デ,デ
3805_27350.html,20,29,笑,名詞,一般,,,,,笑,ワライ,ワライ
3805_27350.html,20,30,ひ,動詞,自立,,,一段,連用形,ひる,ヒ,ヒ
3805_27350.html,20,31,ながら,助詞,接続助詞,,,,,ながら,ナガラ,ナガラ
3805_27350.html,20,32,、,記号,読点,,,,,、,、,、
3805_27350.html,20,33,黙礼,名詞,サ変接続,,,,,黙礼,モクレイ,モクレイ
3805_27350.html,20,34,を,助詞,格助詞,一般,,,,を,ヲ,ヲ
3805_27350.html,20,35,返さ,動詞,自立,,,五段・サ行,未然形,返す,カエサ,カエサ
3805_27350.html,20,36,ず,助動詞,,,,特殊・ヌ,連用ニ接続,ぬ,ズ,ズ
3805_27350.html,20,37,に,助詞,格助詞,一般,,,,に,ニ,ニ
3805_27350.html,20,38,は,助詞,係助詞,,,,,は,ハ,ワ
3805_27350.html,20,39,ゐ,動詞,自立,,,一段,未然形,ゐる,ヰ,イ
3805_27350.html,20,40,られ,動詞,接尾,,,一段,未然形,られる,ラレ,ラレ
3805_27350.html,20,41,なかつ,助動詞,,,,特殊・ナイ,連用タ接続,ない,ナカツ,ナカッ
3805_27350.html,20,42,た,助動詞,,,,特殊・タ,基本形,た,タ,タ
3805_27350.html,20,43,。,記号,句点,,,,,。,。,。
3805_27350.html,21,1,それから,接続詞,,,,,,それから,ソレカラ,ソレカラ
3805_27350.html,21,2,毎日,名詞,副詞可能,,,,,毎日,マイニチ,マイニチ
3805_27350.html,21,3,夕方,名詞,副詞可能,,,,,夕方,ユウガタ,ユーガタ
3805_27350.html,21,4,に,助詞,格助詞,一般,,,,に,ニ,ニ
3805_27350.html,21,5,なる,動詞,自立,,,五段・ラ行,基本形,なる,ナル,ナル
3805_27350.html,21,6,と,助詞,接続助詞,,,,,と,ト,ト
3805_27350.html,21,7,、,記号,読点,,,,,、,、,、
3805_27350.html,21,8,必ず,副詞,一般,,,,,必ず,カナラズ,カナラズ
3805_27350.html,21,9,混血,名詞,サ変接続,,,,,混血,コンケツ,コンケツ
3805_27350.html,21,10,児,名詞,接尾,一般,,,,児,ジ,ジ
3805_27350.html,21,11,の,助詞,連体化,,,,,の,ノ,ノ
3805_27350.html,21,12,女,名詞,一般,,,,,女,オンナ,オンナ
3805_27350.html,21,13,は,助詞,係助詞,,,,,は,ハ,ワ
3805_27350.html,21,14,向う,名詞,一般,,,,,向う,ムコウ,ムコー
3805_27350.html,21,15,の,助詞,連体化,,,,,の,ノ,ノ
3805_27350.html,21,16,窓,名詞,一般,,,,,窓,マド,マド
3805_27350.html,21,17,の,助詞,連体化,,,,,の,ノ,ノ
3805_27350.html,21,18,前,名詞,副詞可能,,,,,前,マエ,マエ
3805_27350.html,21,19,へ,助詞,格助詞,一般,,,,へ,ヘ,エ
3805_27350.html,21,20,立つ,動詞,自立,,,五段・タ行,基本形,立つ,タツ,タツ
3805_27350.html,21,21,て,助詞,接続助詞,,,,,て,テ,テ
3805_27350.html,21,22,、,記号,読点,,,,,、,、,、
3805_27350.html,21,23,下品,名詞,形容動詞語幹,,,,,下品,ゲヒン,ゲヒン
3805_27350.html,21,24,な,助動詞,,,,特殊・ダ,体言接続,だ,ナ,ナ
3805_27350.html,21,25,嬌態,名詞,一般,,,,,嬌態,キョウタイ,キョータイ
3805_27350.html,21,26,を,助詞,格助詞,一般,,,,を,ヲ,ヲ
3805_27350.html,21,27,つくり,動詞,自立,,,五段・ラ行,連用形,つくる,ツクリ,ツクリ
3805_27350.html,21,28,ながら,助詞,接続助詞,,,,,ながら,ナガラ,ナガラ
3805_27350.html,21,29,、,記号,読点,,,,,、,、,、
3805_27350.html,21,30,慇懃,名詞,形容動詞語幹,,,,,慇懃,インギン,インギン
3805_27350.html,21,31,に,助詞,副詞化,,,,,に,ニ,ニ
3805_27350.html,21,32,おれ,名詞,代名詞,一般,,,,おれ,オレ,オレ
3805_27350.html,21,33,へ,助詞,格助詞,一般,,,,へ,ヘ,エ
3805_27350.html,21,34,会釈,名詞,サ変接続,,,,,会釈,エシャク,エシャク
3805_27350.html,21,35,を,助詞,格助詞,一般,,,,を,ヲ,ヲ
3805_27350.html,21,36,する,動詞,自立,,,サ変・スル,基本形,する,スル,スル
3805_27350.html,21,37,。,記号,句点,,,,,。,。,。
3805_27350.html,22,1,時に,副詞,一般,,,,,時に,トキニ,トキニ
3805_27350.html,22,2,よる,動詞,自立,,,五段・ラ行,基本形,よる,ヨル,ヨル
3805_27350.html,22,3,と,助詞,接続助詞,,,,,と,ト,ト
3805_27350.html,22,4,鉢植,名詞,一般,,,,,鉢植,ハチウエ,ハチウエ
3805_27350.html,22,5,の,助詞,連体化,,,,,の,ノ,ノ
3805_27350.html,22,6,薔薇,名詞,一般,,,,,薔薇,バラ,バラ
3805_27350.html,22,7,や,助詞,並立助詞,,,,,や,ヤ,ヤ
3805_27350.html,22,8,百合,名詞,一般,,,,,百合,ユリ,ユリ
3805_27350.html,22,9,の,助詞,連体化,,,,,の,ノ,ノ
3805_27350.html,22,10,花,名詞,一般,,,,,花,ハナ,ハナ
3805_27350.html,22,11,を,助詞,格助詞,一般,,,,を,ヲ,ヲ
3805_27350.html,22,12,折,名詞,副詞可能,,,,,折,オリ,オリ
3805_27350.html,22,13,つて,名詞,一般,,,,,つて,ツテ,ツテ
3805_27350.html,22,14,、,記号,読点,,,,,、,、,、
3805_27350.html,22,15,往来,名詞,サ変接続,,,,,往来,オウライ,オーライ
3805_27350.html,22,16,越し,名詞,接尾,一般,,,,越し,ゴシ,ゴシ
3805_27350.html,22,17,に,助詞,格助詞,一般,,,,に,ニ,ニ
3805_27350.html,22,18,こちら,名詞,代名詞,一般,,,,こちら,コチラ,コチラ
3805_27350.html,22,19,の,助詞,連体化,,,,,の,ノ,ノ
3805_27350.html,22,20,窓,名詞,一般,,,,,窓,マド,マド
3805_27350.html,22,21,へ,助詞,格助詞,一般,,,,へ,ヘ,エ
3805_27350.html,22,22,投げ,動詞,自立,,,一段,連用形,投げる,ナゲ,ナゲ
3805_27350.html,22,23,て,助詞,接続助詞,,,,,て,テ,テ
3805_27350.html,22,24,よこす,動詞,自立,,,五段・サ行,基本形,よこす,ヨコス,ヨコス
3805_27350.html,22,25,事,名詞,非自立,一般,,,,事,コト,コト
3805_27350.html,22,26,も,助詞,係助詞,,,,,も,モ,モ
3805_27350.html,22,27,ある,動詞,自立,,,五段・ラ行,基本形,ある,アル,アル
3805_27350.html,22,28,。,記号,句点,,,,,。,。,。
3805_27350.html,23,1,すると,接続詞,,,,,,すると,スルト,スルト
3805_27350.html,23,2,おれ,名詞,代名詞,一般,,,,おれ,オレ,オレ
3805_27350.html,23,3,も,助詞,係助詞,,,,,も,モ,モ
3805_27350.html,23,4,いつの間にか,副詞,一般,,,,,いつの間にか,イツノマニカ,イツノマニカ
3805_27350.html,23,5,、,記号,読点,,,,,、,、,、
3805_27350.html,23,6,古ぼけ,動詞,自立,,,一段,連用形,古ぼける,フルボケ,フルボケ
3805_27350.html,23,7,た,助動詞,,,,特殊・タ,基本形,た,タ,タ
3805_27350.html,23,8,肱,名詞,一般,,,,,肱,ヒジ,ヒジ
3805_27350.html,23,9,掛,名詞,一般,,,,,掛,カケ,カケ
3805_27350.html,23,10,椅子,名詞,一般,,,,,椅子,イス,イス
3805_27350.html,23,11,に,助詞,格助詞,一般,,,,に,ニ,ニ
3805_27350.html,23,12,腰,名詞,一般,,,,,腰,コシ,コシ
3805_27350.html,23,13,を,助詞,格助詞,一般,,,,を,ヲ,ヲ
3805_27350.html,23,14,下し,動詞,自立,,,五段・サ行,連用形,下す,クダシ,クダシ
3805_27350.html,23,15,て,助詞,接続助詞,,,,,て,テ,テ
3805_27350.html,23,16,、,記号,読点,,,,,、,、,、
3805_27350.html,23,17,往来,名詞,サ変接続,,,,,往来,オウライ,オーライ
3805_27350.html,23,18,の,助詞,連体化,,,,,の,ノ,ノ
3805_27350.html,23,19,人,名詞,一般,,,,,人,ヒト,ヒト
3805_27350.html,23,20,音,名詞,接尾,一般,,,,音,オン,オン
3805_27350.html,23,21,を,助詞,格助詞,一般,,,,を,ヲ,ヲ
3805_27350.html,23,22,聞く,動詞,自立,,,五段・カ行イ音便,基本形,聞く,キク,キク
3805_27350.html,23,23,事,名詞,非自立,一般,,,,事,コト,コト
3805_27350.html,23,24,が,助詞,格助詞,一般,,,,が,ガ,ガ
3805_27350.html,23,25,懶い,形容詞,自立,,,形容詞・アウオ段,基本形,懶い,モノウイ,モノウイ
3805_27350.html,23,26,やう,名詞,非自立,助動詞語幹,,,,やう,ヤウ,ヨー
3805_27350.html,23,27,に,助詞,格助詞,一般,,,,に,ニ,ニ
3805_27350.html,23,28,なり,動詞,自立,,,五段・ラ行,連用形,なる,ナリ,ナリ
3805_27350.html,23,29,始め,動詞,非自立,,,一段,連用形,始める,ハジメ,ハジメ
3805_27350.html,23,30,た,助動詞,,,,特殊・タ,基本形,た,タ,タ
3805_27350.html,23,31,。,記号,句点,,,,,。,。,。
3805_27350.html,24,1,いくら,副詞,一般,,,,,いくら,イクラ,イクラ
3805_27350.html,24,2,おれ,名詞,代名詞,一般,,,,おれ,オレ,オレ
3805_27350.html,24,3,が,助詞,格助詞,一般,,,,が,ガ,ガ
3805_27350.html,24,4,待ち,名詞,一般,,,,,待ち,マチ,マチ
3805_27350.html,24,5,暮し,動詞,自立,,,五段・サ行,連用形,暮す,クラシ,クラシ
3805_27350.html,24,6,た,助動詞,,,,特殊・タ,基本形,た,タ,タ
3805_27350.html,24,7,所,名詞,非自立,副詞可能,,,,所,トコロ,トコロ
3805_27350.html,24,8,で,助詞,格助詞,一般,,,,で,デ,デ
3805_27350.html,24,9,、,記号,読点,,,,,、,、,、
3805_27350.html,24,10,客,名詞,一般,,,,,客,キャク,キャク
3805_27350.html,24,11,は,助詞,係助詞,,,,,は,ハ,ワ
3805_27350.html,24,12,永久,名詞,形容動詞語幹,,,,,永久,エイキュウ,エイキュー
3805_27350.html,24,13,に,助詞,副詞化,,,,,に,ニ,ニ
3805_27350.html,24,14,来,動詞,自立,,,カ変・来ル,未然形,来る,コ,コ
3805_27350.html,24,15,ない,助動詞,,,,特殊・ナイ,基本形,ない,ナイ,ナイ
3805_27350.html,24,16,かも,助詞,副助詞,,,,,かも,カモ,カモ
3805_27350.html,24,17,知れ,動詞,自立,,,一段,未然形,知れる,シレ,シレ
3805_27350.html,24,18,ない,助動詞,,,,特殊・ナイ,基本形,ない,ナイ,ナイ
3805_27350.html,24,19,。,記号,句点,,,,,。,。,。
3805_27350.html,25,1,おれ,名詞,代名詞,一般,,,,おれ,オレ,オレ
3805_27350.html,25,2,は,助詞,係助詞,,,,,は,ハ,ワ
3805_27350.html,25,3,あまり,副詞,一般,,,,,あまり,アマリ,アマリ
3805_27350.html,25,4,長い,形容詞,自立,,,形容詞・アウオ段,基本形,長い,ナガイ,ナガイ
3805_27350.html,25,5,間,名詞,一般,,,,,間,マ,マ
3805_27350.html,25,6,、,記号,読点,,,,,、,、,、
3805_27350.html,25,7,鏡,名詞,一般,,,,,鏡,カガミ,カガミ
3805_27350.html,25,8,に,助詞,格助詞,一般,,,,に,ニ,ニ
3805_27350.html,25,9,うつる,動詞,自立,,,五段・ラ行,基本形,うつる,ウツル,ウツル
3805_27350.html,25,10,おれ,名詞,代名詞,一般,,,,おれ,オレ,オレ
3805_27350.html,25,11,自身,名詞,一般,,,,,自身,ジシン,ジシン
3805_27350.html,25,12,の,助詞,連体化,,,,,の,ノ,ノ
3805_27350.html,25,13,相手,名詞,一般,,,,,相手,アイテ,アイテ
3805_27350.html,25,14,を,助詞,格助詞,一般,,,,を,ヲ,ヲ
3805_27350.html,25,15,勤め,動詞,自立,,,一段,連用形,勤める,ツトメ,ツトメ
3805_27350.html,25,16,て,助詞,接続助詞,,,,,て,テ,テ
3805_27350.html,25,17,ゐ,動詞,自立,,,一段,連用形,ゐる,ヰ,イ
3805_27350.html,25,18,た,助動詞,,,,特殊・タ,基本形,た,タ,タ
3805_27350.html,25,19,やう,名詞,非自立,助動詞語幹,,,,やう,ヤウ,ヨー
3805_27350.html,25,20,な,助動詞,,,,特殊・ダ,体言接続,だ,ナ,ナ
3805_27350.html,25,21,気,名詞,非自立,一般,,,,気,キ,キ
3805_27350.html,25,22,が,助詞,格助詞,一般,,,,が,ガ,ガ
3805_27350.html,25,23,する,動詞,自立,,,サ変・スル,基本形,する,スル,スル
3805_27350.html,25,24,。,記号,句点,,,,,。,。,。
3805_27350.html,26,1,もう,副詞,一般,,,,,もう,モウ,モー
3805_27350.html,26,2,遠来,名詞,一般,,,,,遠来,エンライ,エンライ
3805_27350.html,26,3,の,助詞,連体化,,,,,の,ノ,ノ
3805_27350.html,26,4,客,名詞,一般,,,,,客,キャク,キャク
3805_27350.html,26,5,ばかり,助詞,副助詞,,,,,ばかり,バカリ,バカリ
3805_27350.html,26,6,待つ,動詞,自立,,,五段・タ行,基本形,待つ,マツ,マツ
3805_27350.html,26,7,て,助詞,接続助詞,,,,,て,テ,テ
3805_27350.html,26,8,ゐる,動詞,自立,,,一段,基本形,ゐる,ヰル,イル
3805_27350.html,26,9,の,名詞,非自立,一般,,,,の,ノ,ノ
3805_27350.html,26,10,は,助詞,係助詞,,,,,は,ハ,ワ
3805_27350.html,26,11,止め,名詞,一般,,,,,止め,トメ,トメ
3805_27350.html,26,12,に,助詞,格助詞,一般,,,,に,ニ,ニ
3805_27350.html,26,13,しよ,動詞,自立,,,サ変・スル,未然ウ接続,する,シヨ,シヨ
3805_27350.html,26,14,う,助動詞,,,,不変化型,基本形,う,ウ,ウ
3805_27350.html,26,15,。,記号,句点,,,,,。,。,。
3805_27350.html,27,1,そこで,接続詞,,,,,,そこで,ソコデ,ソコデ
3805_27350.html,27,2,あの,フィラー,,,,,,あの,アノ,アノ
3805_27350.html,27,3,私,名詞,代名詞,一般,,,,私,ワタシ,ワタシ
3805_27350.html,27,4,窩子,名詞,一般,,,,,窩子,窩子,窩子
3805_27350.html,27,5,の,助詞,連体化,,,,,の,ノ,ノ
3805_27350.html,27,6,やう,名詞,非自立,助動詞語幹,,,,やう,ヤウ,ヨー
3805_27350.html,27,7,な,助動詞,,,,特殊・ダ,体言接続,だ,ナ,ナ
3805_27350.html,27,8,女,名詞,一般,,,,,女,オンナ,オンナ
3805_27350.html,27,9,が,助詞,格助詞,一般,,,,が,ガ,ガ
3805_27350.html,27,10,会釈,名詞,サ変接続,,,,,会釈,エシャク,エシャク
3805_27350.html,27,11,を,助詞,格助詞,一般,,,,を,ヲ,ヲ
3805_27350.html,27,12,する,動詞,自立,,,サ変・スル,基本形,する,スル,スル
3805_27350.html,27,13,と,助詞,接続助詞,,,,,と,ト,ト
3805_27350.html,27,14,、,記号,読点,,,,,、,、,、
3805_27350.html,27,15,おれ,名詞,代名詞,一般,,,,おれ,オレ,オレ
3805_27350.html,27,16,の,助詞,連体化,,,,,の,ノ,ノ
3805_27350.html,27,17,方,名詞,非自立,一般,,,,方,ホウ,ホー
3805_27350.html,27,18,で,助動詞,,,,特殊・ダ,連用形,だ,デ,デ
3805_27350.html,27,19,も,助詞,係助詞,,,,,も,モ,モ
3805_27350.html,27,20,必ず,副詞,一般,,,,,必ず,カナラズ,カナラズ
3805_27350.html,27,21,会釈,名詞,サ変接続,,,,,会釈,エシャク,エシャク
3805_27350.html,27,22,を,助詞,格助詞,一般,,,,を,ヲ,ヲ
3805_27350.html,27,23,する,動詞,自立,,,サ変・スル,基本形,する,スル,スル
3805_27350.html,27,24,。,記号,句点,,,,,。,。,。
3805_27350.html,28,1,それ,名詞,代名詞,一般,,,,それ,ソレ,ソレ
3805_27350.html,28,2,が,助詞,格助詞,一般,,,,が,ガ,ガ
3805_27350.html,28,3,又,副詞,助詞類接続,,,,,又,マタ,マタ
3805_27350.html,28,4,長い,形容詞,自立,,,形容詞・アウオ段,基本形,長い,ナガイ,ナガイ
3805_27350.html,28,5,長い,形容詞,自立,,,形容詞・アウオ段,基本形,長い,ナガイ,ナガイ
3805_27350.html,28,6,間,名詞,一般,,,,,間,マ,マ
3805_27350.html,28,7,の,助詞,連体化,,,,,の,ノ,ノ
3805_27350.html,28,8,事,名詞,非自立,一般,,,,事,コト,コト
3805_27350.html,28,9,で,助動詞,,,,特殊・ダ,連用形,だ,デ,デ
3805_27350.html,28,10,あつ,形容詞,自立,,,形容詞・アウオ段,ガル接続,あつい,アツ,アツ
3805_27350.html,28,11,た,助動詞,,,,特殊・タ,基本形,た,タ,タ
3805_27350.html,28,12,。,記号,句点,,,,,。,。,。
3805_27350.html,29,1,所,名詞,一般,,,,,所,トコロ,トコロ
3805_27350.html,29,2,が,助詞,格助詞,一般,,,,が,ガ,ガ
3805_27350.html,29,3,或,連体詞,,,,,,或,アル,アル
3805_27350.html,29,4,朝,名詞,副詞可能,,,,,朝,アサ,アサ
3805_27350.html,29,5,、,記号,読点,,,,,、,、,、
3805_27350.html,29,6,おれ,名詞,代名詞,一般,,,,おれ,オレ,オレ
3805_27350.html,29,7,の,助詞,連体化,,,,,の,ノ,ノ
3805_27350.html,29,8,所,名詞,非自立,副詞可能,,,,所,トコロ,トコロ
3805_27350.html,29,9,へ,助詞,格助詞,一般,,,,へ,ヘ,エ
3805_27350.html,29,10,来,動詞,自立,,,カ変・来ル,連用形,来る,キ,キ
3805_27350.html,29,11,た,助動詞,,,,特殊・タ,基本形,た,タ,タ
3805_27350.html,29,12,手紙,名詞,一般,,,,,手紙,テガミ,テガミ
3805_27350.html,29,13,を,助詞,格助詞,一般,,,,を,ヲ,ヲ
3805_27350.html,29,14,見る,動詞,自立,,,一段,基本形,見る,ミル,ミル
3805_27350.html,29,15,と,助詞,接続助詞,,,,,と,ト,ト
3805_27350.html,29,16,、,記号,読点,,,,,、,、,、
3805_27350.html,29,17,折角,副詞,一般,,,,,折角,セッカク,セッカク
3805_27350.html,29,18,おれ,名詞,代名詞,一般,,,,おれ,オレ,オレ
3805_27350.html,29,19,を,助詞,格助詞,一般,,,,を,ヲ,ヲ
3805_27350.html,29,20,尋ね,動詞,自立,,,一段,連用形,尋ねる,タズネ,タズネ
3805_27350.html,29,21,た,助動詞,,,,特殊・タ,基本形,た,タ,タ
3805_27350.html,29,22,が,助詞,接続助詞,,,,,が,ガ,ガ
3805_27350.html,29,23,、,記号,読点,,,,,、,、,、
3805_27350.html,29,24,いくら,副詞,一般,,,,,いくら,イクラ,イクラ
3805_27350.html,29,25,電鈴,名詞,一般,,,,,電鈴,デンレイ,デンレイ
3805_27350.html,29,26,の,助詞,連体化,,,,,の,ノ,ノ
3805_27350.html,29,27,鈕,名詞,一般,,,,,鈕,ボタン,ボタン
3805_27350.html,29,28,を,助詞,格助詞,一般,,,,を,ヲ,ヲ
3805_27350.html,29,29,押し,動詞,自立,,,五段・サ行,連用形,押す,オシ,オシ
3805_27350.html,29,30,て,助詞,接続助詞,,,,,て,テ,テ
3805_27350.html,29,31,も,助詞,係助詞,,,,,も,モ,モ
3805_27350.html,29,32,、,記号,読点,,,,,、,、,、
3805_27350.html,29,33,誰,名詞,代名詞,一般,,,,誰,ダレ,ダレ
3805_27350.html,29,34,一,名詞,数,,,,,一,イチ,イチ
3805_27350.html,29,35,人,名詞,接尾,助数詞,,,,人,ニン,ニン
3805_27350.html,29,36,返事,名詞,サ変接続,,,,,返事,ヘンジ,ヘンジ
3805_27350.html,29,37,を,助詞,格助詞,一般,,,,を,ヲ,ヲ
3805_27350.html,29,38,し,動詞,自立,,,サ変・スル,未然形,する,シ,シ
3805_27350.html,29,39,なかつ,助動詞,,,,特殊・ナイ,連用タ接続,ない,ナカツ,ナカッ
3805_27350.html,29,40,た,助動詞,,,,特殊・タ,基本形,た,タ,タ
3805_27350.html,29,41,から,助詞,接続助詞,,,,,から,カラ,カラ
3805_27350.html,29,42,、,記号,読点,,,,,、,、,、
3805_27350.html,29,43,おれ,名詞,代名詞,一般,,,,おれ,オレ,オレ
3805_27350.html,29,44,に,助詞,格助詞,一般,,,,に,ニ,ニ
3805_27350.html,29,45,会,名詞,一般,,,,,会,カイ,カイ
3805_27350.html,29,46,ふ,名詞,一般,,,,,ふ,フ,フ
3805_27350.html,29,47,事,名詞,接尾,一般,,,,事,ジ,ジ
3805_27350.html,29,48,も,助詞,係助詞,,,,,も,モ,モ
3805_27350.html,29,49,やむを得ず,副詞,助詞類接続,,,,,やむを得ず,ヤムヲエズ,ヤムヲエズ
3805_27350.html,29,50,断念,名詞,サ変接続,,,,,断念,ダンネン,ダンネン
3805_27350.html,29,51,を,助詞,格助詞,一般,,,,を,ヲ,ヲ
3805_27350.html,29,52,し,動詞,自立,,,サ変・スル,連用形,する,シ,シ
3805_27350.html,29,53,た,助動詞,,,,特殊・タ,基本形,た,タ,タ
3805_27350.html,29,54,と,助詞,格助詞,引用,,,,と,ト,ト
3805_27350.html,29,55,書い,動詞,自立,,,五段・カ行イ音便,連用タ接続,書く,カイ,カイ
3805_27350.html,29,56,て,助詞,接続助詞,,,,,て,テ,テ
3805_27350.html,29,57,ある,動詞,非自立,,,五段・ラ行,基本形,ある,アル,アル
3805_27350.html,29,58,。,記号,句点,,,,,。,。,。
3805_27350.html,30,1,おれ,名詞,代名詞,一般,,,,おれ,オレ,オレ
3805_27350.html,30,2,は,助詞,係助詞,,,,,は,ハ,ワ
3805_27350.html,30,3,昨夜,名詞,副詞可能,,,,,昨夜,サクヤ,サクヤ
3805_27350.html,30,4,あの,連体詞,,,,,,あの,アノ,アノ
3805_27350.html,30,5,混血,名詞,サ変接続,,,,,混血,コンケツ,コンケツ
3805_27350.html,30,6,児,名詞,接尾,一般,,,,児,ジ,ジ
3805_27350.html,30,7,の,助詞,連体化,,,,,の,ノ,ノ
3805_27350.html,30,8,女,名詞,一般,,,,,女,オンナ,オンナ
3805_27350.html,30,9,が,助詞,格助詞,一般,,,,が,ガ,ガ
3805_27350.html,30,10,抛り,動詞,自立,,,五段・ラ行,連用形,抛る,ホウリ,ホーリ
3805_27350.html,30,11,こん,動詞,非自立,,,五段・マ行,連用タ接続,こむ,コン,コン
3805_27350.html,30,12,だ,助動詞,,,,特殊・タ,基本形,だ,ダ,ダ
3805_27350.html,30,13,、,記号,読点,,,,,、,、,、
3805_27350.html,30,14,薔薇,名詞,一般,,,,,薔薇,バラ,バラ
3805_27350.html,30,15,や,助詞,並立助詞,,,,,や,ヤ,ヤ
3805_27350.html,30,16,百合,名詞,一般,,,,,百合,ユリ,ユリ
3805_27350.html,30,17,の,助詞,連体化,,,,,の,ノ,ノ
3805_27350.html,30,18,花,名詞,一般,,,,,花,ハナ,ハナ
3805_27350.html,30,19,を,助詞,格助詞,一般,,,,を,ヲ,ヲ
3805_27350.html,30,20,踏み,動詞,自立,,,五段・マ行,連用形,踏む,フミ,フミ
3805_27350.html,30,21,ながら,助詞,接続助詞,,,,,ながら,ナガラ,ナガラ
3805_27350.html,30,22,、,記号,読点,,,,,、,、,、
3805_27350.html,30,23,わざわざ,副詞,一般,,,,,わざわざ,ワザワザ,ワザワザ
3805_27350.html,30,24,玄関,名詞,一般,,,,,玄関,ゲンカン,ゲンカン
3805_27350.html,30,25,まで,助詞,副助詞,,,,,まで,マデ,マデ
3805_27350.html,30,26,下り,動詞,自立,,,一段,連用形,下りる,オリ,オリ
3805_27350.html,30,27,て,助詞,接続助詞,,,,,て,テ,テ
3805_27350.html,30,28,行,名詞,一般,,,,,行,クダリ,クダリ
3805_27350.html,30,29,つて,名詞,一般,,,,,つて,ツテ,ツテ
3805_27350.html,30,30,、,記号,読点,,,,,、,、,、
3805_27350.html,30,31,電鈴,名詞,一般,,,,,電鈴,デンレイ,デンレイ
3805_27350.html,30,32,の,助詞,連体化,,,,,の,ノ,ノ
3805_27350.html,30,33,具合,名詞,一般,,,,,具合,グアイ,グアイ
3805_27350.html,30,34,を,助詞,格助詞,一般,,,,を,ヲ,ヲ
3805_27350.html,30,35,調べ,動詞,自立,,,一段,連用形,調べる,シラベ,シラベ
3805_27350.html,30,36,て,助詞,接続助詞,,,,,て,テ,テ
3805_27350.html,30,37,見,動詞,自立,,,一段,連用形,見る,ミ,ミ
3805_27350.html,30,38,た,助動詞,,,,特殊・タ,基本形,た,タ,タ
3805_27350.html,30,39,。,記号,句点,,,,,。,。,。
3805_27350.html,31,1,すると,接続詞,,,,,,すると,スルト,スルト
3805_27350.html,31,2,知ら,動詞,自立,,,五段・ラ行,未然形,知る,シラ,シラ
3805_27350.html,31,3,ない,助動詞,,,,特殊・ナイ,基本形,ない,ナイ,ナイ
3805_27350.html,31,4,間,名詞,一般,,,,,間,マ,マ
3805_27350.html,31,5,に,助詞,格助詞,一般,,,,に,ニ,ニ
3805_27350.html,31,6,電鈴,名詞,一般,,,,,電鈴,デンレイ,デンレイ
3805_27350.html,31,7,の,助詞,連体化,,,,,の,ノ,ノ
3805_27350.html,31,8,針金,名詞,一般,,,,,針金,ハリガネ,ハリガネ
3805_27350.html,31,9,が,助詞,格助詞,一般,,,,が,ガ,ガ
3805_27350.html,31,10,錆,名詞,一般,,,,,錆,サビ,サビ
3805_27350.html,31,11,びたせゐか,名詞,一般,,,,,びたせゐか,びたせゐか,びたせゐか
3805_27350.html,31,12,、,記号,読点,,,,,、,、,、
3805_27350.html,31,13,誰,名詞,代名詞,一般,,,,誰,ダレ,ダレ
3805_27350.html,31,14,か,助詞,副助詞／並立助詞／終助詞,,,,,か,カ,カ
3805_27350.html,31,15,の,助詞,連体化,,,,,の,ノ,ノ
3805_27350.html,31,16,悪戯,名詞,サ変接続,,,,,悪戯,イタズラ,イタズラ
3805_27350.html,31,17,か,助詞,副助詞／並立助詞／終助詞,,,,,か,カ,カ
3805_27350.html,31,18,、,記号,読点,,,,,、,、,、
3805_27350.html,31,19,二つ,名詞,一般,,,,,二つ,フタツ,フタツ
3805_27350.html,31,20,に,助詞,格助詞,一般,,,,に,ニ,ニ
3805_27350.html,31,21,途中,名詞,副詞可能,,,,,途中,トチュウ,トチュー
3805_27350.html,31,22,から,助詞,格助詞,一般,,,,から,カラ,カラ
3805_27350.html,31,23,切れ,動詞,自立,,,一段,連用形,切れる,キレ,キレ
3805_27350.html,31,24,て,助詞,接続助詞,,,,,て,テ,テ
3805_27350.html,31,25,ゐる,動詞,自立,,,一段,基本形,ゐる,ヰル,イル
3805_27350.html,31,26,。,記号,句点,,,,,。,。,。
3805_27350.html,32,1,おれ,名詞,代名詞,一般,,,,おれ,オレ,オレ
3805_27350.html,32,2,の,助詞,連体化,,,,,の,ノ,ノ
3805_27350.html,32,3,心,名詞,一般,,,,,心,ココロ,ココロ
3805_27350.html,32,4,は,助詞,係助詞,,,,,は,ハ,ワ
3805_27350.html,32,5,重く,形容詞,自立,,,形容詞・アウオ段,連用テ接続,重い,オモク,オモク
3805_27350.html,32,6,な,助動詞,,,,特殊・ナイ,ガル接続,ない,ナ,ナ
3805_27350.html,32,7,つ,助動詞,,,,下二・タ行,基本形,つ,ツ,ツ
3805_27350.html,32,8,た,助動詞,,,,特殊・タ,基本形,た,タ,タ
3805_27350.html,32,9,。,記号,句点,,,,,。,。,。
3805_27350.html,33,1,おれ,名詞,代名詞,一般,,,,おれ,オレ,オレ
3805_27350.html,33,2,が,助詞,格助詞,一般,,,,が,ガ,ガ
3805_27350.html,33,3,あの,フィラー,,,,,,あの,アノ,アノ
3805_27350.html,33,4,黄いろい,形容詞,自立,,,形容詞・アウオ段,基本形,黄いろい,キイロイ,キイロイ
3805_27350.html,33,5,窓,名詞,一般,,,,,窓,マド,マド
3805_27350.html,33,6,掛,名詞,一般,,,,,掛,カケ,カケ
3805_27350.html,33,7,の,助詞,連体化,,,,,の,ノ,ノ
3805_27350.html,33,8,後,名詞,非自立,副詞可能,,,,後,ノチ,ノチ
3805_27350.html,33,9,に,助詞,格助詞,一般,,,,に,ニ,ニ
3805_27350.html,33,10,住ん,動詞,自立,,,五段・マ行,連用タ接続,住む,スン,スン
3805_27350.html,33,11,で,助詞,接続助詞,,,,,で,デ,デ
3805_27350.html,33,12,ゐる,動詞,自立,,,一段,基本形,ゐる,ヰル,イル
3805_27350.html,33,13,私,名詞,代名詞,一般,,,,私,ワタシ,ワタシ
3805_27350.html,33,14,窩子,名詞,一般,,,,,窩子,窩子,窩子
3805_27350.html,33,15,の,助詞,連体化,,,,,の,ノ,ノ
3805_27350.html,33,16,やう,名詞,非自立,助動詞語幹,,,,やう,ヤウ,ヨー
3805_27350.html,33,17,な,助動詞,,,,特殊・ダ,体言接続,だ,ナ,ナ
3805_27350.html,33,18,女,名詞,一般,,,,,女,オンナ,オンナ
3805_27350.html,33,19,を,助詞,格助詞,一般,,,,を,ヲ,ヲ
3805_27350.html,33,20,知ら,動詞,自立,,,五段・ラ行,未然形,知る,シラ,シラ
3805_27350.html,33,21,ず,助動詞,,,,特殊・ヌ,連用ニ接続,ぬ,ズ,ズ
3805_27350.html,33,22,に,助詞,格助詞,一般,,,,に,ニ,ニ
3805_27350.html,33,23,ゐ,動詞,自立,,,一段,連用形,ゐる,ヰ,イ
3805_27350.html,33,24,たら,助動詞,,,,特殊・タ,仮定形,た,タラ,タラ
3805_27350.html,33,25,、,記号,読点,,,,,、,、,、
3805_27350.html,33,26,おれ,名詞,代名詞,一般,,,,おれ,オレ,オレ
3805_27350.html,33,27,の,助詞,連体化,,,,,の,ノ,ノ
3805_27350.html,33,28,待ち,名詞,一般,,,,,待ち,マチ,マチ
3805_27350.html,33,29,に,助詞,格助詞,一般,,,,に,ニ,ニ
3805_27350.html,33,30,待つ,動詞,自立,,,五段・タ行,基本形,待つ,マツ,マツ
3805_27350.html,33,31,て,助詞,接続助詞,,,,,て,テ,テ
3805_27350.html,33,32,ゐ,動詞,自立,,,一段,連用形,ゐる,ヰ,イ
3805_27350.html,33,33,た,助動詞,,,,特殊・タ,基本形,た,タ,タ
3805_27350.html,33,34,客,名詞,一般,,,,,客,キャク,キャク
3805_27350.html,33,35,の,助詞,連体化,,,,,の,ノ,ノ
3805_27350.html,33,36,一,名詞,数,,,,,一,イチ,イチ
3805_27350.html,33,37,人,名詞,接尾,助数詞,,,,人,ニン,ニン
3805_27350.html,33,38,は,助詞,係助詞,,,,,は,ハ,ワ
3805_27350.html,33,39,、,記号,読点,,,,,、,、,、
3805_27350.html,33,40,とうに,副詞,一般,,,,,とうに,トウニ,トーニ
3805_27350.html,33,41,この,連体詞,,,,,,この,コノ,コノ
3805_27350.html,33,42,電鈴,名詞,一般,,,,,電鈴,デンレイ,デンレイ
3805_27350.html,33,43,の,助詞,連体化,,,,,の,ノ,ノ
3805_27350.html,33,44,愉快,名詞,形容動詞語幹,,,,,愉快,ユカイ,ユカイ
3805_27350.html,33,45,な,助動詞,,,,特殊・ダ,体言接続,だ,ナ,ナ
3805_27350.html,33,46,響,名詞,一般,,,,,響,ヒビキ,ヒビキ
3805_27350.html,33,47,を,助詞,格助詞,一般,,,,を,ヲ,ヲ
3805_27350.html,33,48,、,記号,読点,,,,,、,、,、
3805_27350.html,33,49,おれ,名詞,代名詞,一般,,,,おれ,オレ,オレ
3805_27350.html,33,50,の,助詞,連体化,,,,,の,ノ,ノ
3805_27350.html,33,51,耳,名詞,一般,,,,,耳,ミミ,ミミ
3805_27350.html,33,52,へ,助詞,格助詞,一般,,,,へ,ヘ,エ
3805_27350.html,33,53,伝へ,動詞,自立,,,一段,連用形,伝へ,ツタヘ,ツタエ
3805_27350.html,33,54,た,助動詞,,,,特殊・タ,基本形,た,タ,タ
3805_27350.html,33,55,のに,助詞,接続助詞,,,,,のに,ノニ,ノニ
3805_27350.html,33,56,相違,名詞,サ変接続,,,,,相違,ソウイ,ソーイ
3805_27350.html,33,57,ある,動詞,自立,,,五段・ラ行,基本形,ある,アル,アル
3805_27350.html,33,58,まい,助動詞,,,,不変化型,基本形,まい,マイ,マイ
3805_27350.html,33,59,。,記号,句点,,,,,。,。,。
3805_27350.html,34,1,おれ,名詞,代名詞,一般,,,,おれ,オレ,オレ
3805_27350.html,34,2,は,助詞,係助詞,,,,,は,ハ,ワ
3805_27350.html,34,3,静,名詞,形容動詞語幹,,,,,静,シズカ,シズカ
3805_27350.html,34,4,に,助詞,副詞化,,,,,に,ニ,ニ
3805_27350.html,34,5,又,副詞,助詞類接続,,,,,又,マタ,マタ
3805_27350.html,34,6,二,名詞,数,,,,,二,ニ,ニ
3805_27350.html,34,7,階,名詞,接尾,助数詞,,,,階,カイ,カイ
3805_27350.html,34,8,へ,助詞,格助詞,一般,,,,へ,ヘ,エ
3805_27350.html,34,9,行,名詞,一般,,,,,行,クダリ,クダリ
3805_27350.html,34,10,つて,名詞,一般,,,,,つて,ツテ,ツテ
3805_27350.html,34,11,、,記号,読点,,,,,、,、,、
3805_27350.html,34,12,窓際,名詞,一般,,,,,窓際,マドギワ,マドギワ
3805_27350.html,34,13,の,助詞,連体化,,,,,の,ノ,ノ
3805_27350.html,34,14,肱,名詞,一般,,,,,肱,ヒジ,ヒジ
3805_27350.html,34,15,掛,名詞,一般,,,,,掛,カケ,カケ
3805_27350.html,34,16,椅子,名詞,一般,,,,,椅子,イス,イス
3805_27350.html,34,17,に,助詞,格助詞,一般,,,,に,ニ,ニ
3805_27350.html,34,18,腰,名詞,一般,,,,,腰,コシ,コシ
3805_27350.html,34,19,を,助詞,格助詞,一般,,,,を,ヲ,ヲ
3805_27350.html,34,20,下し,動詞,自立,,,五段・サ行,連用形,下す,クダシ,クダシ
3805_27350.html,34,21,た,助動詞,,,,特殊・タ,基本形,た,タ,タ
3805_27350.html,34,22,。,記号,句点,,,,,。,。,。
3805_27350.html,35,1,夕方,名詞,副詞可能,,,,,夕方,ユウガタ,ユーガタ
3805_27350.html,35,2,に,助詞,格助詞,一般,,,,に,ニ,ニ
3805_27350.html,35,3,なる,動詞,自立,,,五段・ラ行,基本形,なる,ナル,ナル
3805_27350.html,35,4,と,助詞,接続助詞,,,,,と,ト,ト
3805_27350.html,35,5,、,記号,読点,,,,,、,、,、
3805_27350.html,35,6,又,副詞,助詞類接続,,,,,又,マタ,マタ
3805_27350.html,35,7,向う,名詞,一般,,,,,向う,ムコウ,ムコー
3805_27350.html,35,8,の,助詞,連体化,,,,,の,ノ,ノ
3805_27350.html,35,9,家,名詞,一般,,,,,家,イエ,イエ
3805_27350.html,35,10,の,助詞,連体化,,,,,の,ノ,ノ
3805_27350.html,35,11,二,名詞,数,,,,,二,ニ,ニ
3805_27350.html,35,12,階,名詞,接尾,助数詞,,,,階,カイ,カイ
3805_27350.html,35,13,の,助詞,連体化,,,,,の,ノ,ノ
3805_27350.html,35,14,窓,名詞,一般,,,,,窓,マド,マド
3805_27350.html,35,15,に,助詞,格助詞,一般,,,,に,ニ,ニ
3805_27350.html,35,16,は,助詞,係助詞,,,,,は,ハ,ワ
3805_27350.html,35,17,、,記号,読点,,,,,、,、,、
3805_27350.html,35,18,絹,名詞,一般,,,,,絹,キヌ,キヌ
3805_27350.html,35,19,の,助詞,連体化,,,,,の,ノ,ノ
3805_27350.html,35,20,キモノ,名詞,一般,,,,,キモノ,キモノ,キモノ
3805_27350.html,35,21,を,助詞,格助詞,一般,,,,を,ヲ,ヲ
3805_27350.html,35,22,着,動詞,自立,,,一段,連用形,着る,キ,キ
3805_27350.html,35,23,た,助動詞,,,,特殊・タ,基本形,た,タ,タ
3805_27350.html,35,24,女,名詞,一般,,,,,女,オンナ,オンナ
3805_27350.html,35,25,が,助詞,格助詞,一般,,,,が,ガ,ガ
3805_27350.html,35,26,現れ,動詞,自立,,,一段,連用形,現れる,アラワレ,アラワレ
3805_27350.html,35,27,て,助詞,接続助詞,,,,,て,テ,テ
3805_27350.html,35,28,、,記号,読点,,,,,、,、,、
3805_27350.html,35,29,下品,名詞,形容動詞語幹,,,,,下品,ゲヒン,ゲヒン
3805_27350.html,35,30,な,助動詞,,,,特殊・ダ,体言接続,だ,ナ,ナ
3805_27350.html,35,31,嬌態,名詞,一般,,,,,嬌態,キョウタイ,キョータイ
3805_27350.html,35,32,を,助詞,格助詞,一般,,,,を,ヲ,ヲ
3805_27350.html,35,33,つくり,動詞,自立,,,五段・ラ行,連用形,つくる,ツクリ,ツクリ
3805_27350.html,35,34,ながら,助詞,接続助詞,,,,,ながら,ナガラ,ナガラ
3805_27350.html,35,35,、,記号,読点,,,,,、,、,、
3805_27350.html,35,36,慇懃,名詞,形容動詞語幹,,,,,慇懃,インギン,インギン
3805_27350.html,35,37,に,助詞,副詞化,,,,,に,ニ,ニ
3805_27350.html,35,38,おれ,名詞,代名詞,一般,,,,おれ,オレ,オレ
3805_27350.html,35,39,へ,助詞,格助詞,一般,,,,へ,ヘ,エ
3805_27350.html,35,40,会釈,名詞,サ変接続,,,,,会釈,エシャク,エシャク
3805_27350.html,35,41,を,助詞,格助詞,一般,,,,を,ヲ,ヲ
3805_27350.html,35,42,する,動詞,自立,,,サ変・スル,基本形,する,スル,スル
3805_27350.html,35,43,。,記号,句点,,,,,。,。,。
3805_27350.html,36,1,が,接続詞,,,,,,が,ガ,ガ
3805_27350.html,36,2,、,記号,読点,,,,,、,、,、
3805_27350.html,36,3,おれ,名詞,代名詞,一般,,,,おれ,オレ,オレ
3805_27350.html,36,4,は,助詞,係助詞,,,,,は,ハ,ワ
3805_27350.html,36,5,もう,副詞,一般,,,,,もう,モウ,モー
3805_27350.html,36,6,その,連体詞,,,,,,その,ソノ,ソノ
3805_27350.html,36,7,会釈,名詞,サ変接続,,,,,会釈,エシャク,エシャク
3805_27350.html,36,8,に,助詞,格助詞,一般,,,,に,ニ,ニ
3805_27350.html,36,9,は,助詞,係助詞,,,,,は,ハ,ワ
3805_27350.html,36,10,答,名詞,一般,,,,,答,コタエ,コタエ
3805_27350.html,36,11,へ,助詞,格助詞,一般,,,,へ,ヘ,エ
3805_27350.html,36,12,ない,形容詞,自立,,,形容詞・アウオ段,基本形,ない,ナイ,ナイ
3805_27350.html,36,13,。,記号,句点,,,,,。,。,。
3805_27350.html,37,1,その,連体詞,,,,,,その,ソノ,ソノ
3805_27350.html,37,2,代り,名詞,一般,,,,,代り,カワリ,カワリ
3805_27350.html,37,3,人気,名詞,一般,,,,,人気,ニンキ,ニンキ
3805_27350.html,37,4,の,助詞,格助詞,一般,,,,の,ノ,ノ
3805_27350.html,37,5,ない,形容詞,自立,,,形容詞・アウオ段,基本形,ない,ナイ,ナイ
3805_27350.html,37,6,薄,接頭詞,名詞接続,,,,,薄,ウス,ウス
3805_27350.html,37,7,明り,名詞,一般,,,,,明り,アカリ,アカリ
3805_27350.html,37,8,の,助詞,連体化,,,,,の,ノ,ノ
3805_27350.html,37,9,往来,名詞,サ変接続,,,,,往来,オウライ,オーライ
3805_27350.html,37,10,を,助詞,格助詞,一般,,,,を,ヲ,ヲ
3805_27350.html,37,11,眺め,動詞,自立,,,一段,連用形,眺める,ナガメ,ナガメ
3805_27350.html,37,12,ながら,助詞,接続助詞,,,,,ながら,ナガラ,ナガラ
3805_27350.html,37,13,、,記号,読点,,,,,、,、,、
3805_27350.html,37,14,いつか,名詞,副詞可能,,,,,いつか,イツカ,イツカ
3805_27350.html,37,15,は,助詞,係助詞,,,,,は,ハ,ワ
3805_27350.html,37,16,おれ,名詞,代名詞,一般,,,,おれ,オレ,オレ
3805_27350.html,37,17,の,助詞,連体化,,,,,の,ノ,ノ
3805_27350.html,37,18,戸口,名詞,一般,,,,,戸口,トグチ,トグチ
3805_27350.html,37,19,へ,助詞,格助詞,一般,,,,へ,ヘ,エ
3805_27350.html,37,20,立つ,動詞,自立,,,五段・タ行,基本形,立つ,タツ,タツ
3805_27350.html,37,21,かも,助詞,副助詞,,,,,かも,カモ,カモ
3805_27350.html,37,22,知れ,動詞,自立,,,一段,未然形,知れる,シレ,シレ
3805_27350.html,37,23,ない,助動詞,,,,特殊・ナイ,基本形,ない,ナイ,ナイ
3805_27350.html,37,24,遠来,名詞,一般,,,,,遠来,エンライ,エンライ
3805_27350.html,37,25,の,助詞,連体化,,,,,の,ノ,ノ
3805_27350.html,37,26,客,名詞,一般,,,,,客,キャク,キャク
3805_27350.html,37,27,を,助詞,格助詞,一般,,,,を,ヲ,ヲ
3805_27350.html,37,28,待つ,動詞,自立,,,五段・タ行,基本形,待つ,マツ,マツ
3805_27350.html,37,29,て,助詞,接続助詞,,,,,て,テ,テ
3805_27350.html,37,30,ゐる,動詞,自立,,,一段,基本形,ゐる,ヰル,イル
3805_27350.html,37,31,。,記号,句点,,,,,。,。,。
3805_27350.html,38,1,前,名詞,副詞可能,,,,,前,マエ,マエ
3805_27350.html,38,2,の,助詞,連体化,,,,,の,ノ,ノ
3805_27350.html,38,3,やう,名詞,非自立,助動詞語幹,,,,やう,ヤウ,ヨー
3805_27350.html,38,4,に,助詞,副詞化,,,,,に,ニ,ニ
3805_27350.html,38,5,寂しく,形容詞,自立,,,形容詞・イ段,連用テ接続,寂しい,サビシク,サビシク
3805_27350.html,38,6,。,記号,句点,,,,,。,。,。
3805_27350.html,39,1,（,記号,括弧開,,,,,（,（,（
3805_27350.html,39,2,大正,名詞,固有名詞,一般,,,,大正,タイショウ,タイショー
3805_27350.html,39,3,八,名詞,数,,,,,八,ハチ,ハチ
3805_27350.html,39,4,年,名詞,接尾,助数詞,,,,年,ネン,ネン
3805_27350.html,39,5,二月,名詞,副詞可能,,,,,二月,ニガツ,ニガツ
3805_27350.html,39,6,）,記号,括弧閉,,,,,）,）,）
